<?xml version="1.0" encoding="UTF-8"?>
<project default="-deploy-ant" basedir=".">

    <!-- Google App Engine Properties -->
    <property name="appengine.location" value="/home/ondrej/appengine-java-sdk-1.5.5"/>
    <property name="appengine.http.port" value="8080"/>
    <property name="appengine.debug.port" value="8765"/>

    <!-- Import Google App Engine Macros -->
    <import file="${appengine.location}/config/user/ant-macros.xml" />

    <!-- Copy Google App Engine Runtime JARs -->
    <target name="copyjars" description="Copies the App Engine JARs to the WAR." depends="init, dist">
        <copy todir="${build.web.dir}/WEB-INF/lib" flatten="true">
            <fileset dir="${appengine.location}/lib/user">
                <include name="**/*.jar" />
            </fileset>
        </copy>
    </target>

    <!-- Data Nucleus JPA Enhancer -->
    <target name="datanucleusenhance" description="Performs JDO enhancement on compiled data classes." depends="copyjars">
        <enhance_war war="${build.web.dir}" />
    </target>

    <!-- Start Google App Engine Development Server -->
    <target name="runserver" depends="datanucleusenhance"
      description="Starts the development server.">
        <dev_appserver war="${build.web.dir}" port="${appengine.http.port}" />
    </target>

    <!-- Start Google App Engine Development Server In Debug Mode -->
    <target name="runserver-debug" depends="datanucleusenhance"
      description="Starts the development server.">
        <dev_appserver war="${build.web.dir}" port="${appengine.http.port}" >
            <options>
                <arg value="--jvm_flag=-Xdebug"/>
                <arg value="--jvm_flag=-Xrunjdwp:transport=dt_socket,server=y,suspend=y,address=${appengine.debug.port}"/>
            </options>
        </dev_appserver>
    </target>

    <!-- Start Google App Engine Development Server In Profile Mode -->
    <target name="runserver-profile" depends="datanucleusenhance"
      description="Starts the development server.">
        <dev_appserver war="${build.web.dir}" port="${appengine.http.port}" >            
            <options>
                <arg value="--jvm_flag=${profiler.agentpath}"/>
                <arg value="--jvm_flag=${profiler.agentid}"/>
            </options>
        </dev_appserver>
    </target>

    <target name="-deploy-ant" if="deploy.ant.enabled">
        <fail message="Undeploy is not supported for the current target server"/>
    </target>

    <target name="-undeploy-ant" if="deploy.ant.enabled">
        <fail message="Undeploy is not supported for the current target server"/>
    </target>
</project>
